component_id,cardinality,old_id,new_id,old_name,new_nearest_city,name_match,old_country,new_country,country_match,iou,coverage_old,coverage_new,area_old_m2,area_new_m2,inter_m2,gap_m,centroid_m,n_events,n_unique_mmsi,transit_like
92,1:1,DK-59f1218c,DK-59f1218c,Grenå Strand,Grenå Strand,exact,DK,DK,same,1.0,1.0,1.0,39700.6,39700.6,39700.6,0.0,16.9,205,149,False
95,1:1,DK-5e8746fc,DK-5e8746fc,Århus,Århus,exact,DK,DK,same,1.0,1.0,1.0,7308.6,7308.6,7308.6,0.0,10.9,46,4,False
115,1:1,DK-76f5c3a5,DK-76f5c3a5,Norsminde,Norsminde,exact,DK,DK,same,1.0,1.0,1.0,3852.7,3852.7,3852.7,0.0,1.6,13,6,False
158,1:1,DK-af626b8c,DK-af626b8c,Troense,Troense,exact,DK,DK,same,1.0,1.0,1.0,10718.1,10718.1,10718.1,0.0,19.5,34,25,False
220,1:1,NO-2a1eb072,NO-2a1eb072,Skjærhalden,Skjærhalden,exact,NO,NO,same,1.0,1.0,1.0,7040.1,7040.1,7040.1,0.0,50.8,26,9,False
2,1:1,DE-171da672,DE-171da672,Strande,Strande,exact,DE,DE,same,1.0,1.0,1.0,4486.8,4486.8,4486.8,0.0,12.8,5,4,False
36,1:1,DE-c807d733,DE-c807d733,Bekenreihe,Bekenreihe,exact,DE,DE,same,1.0,1.0,1.0,3978.6,3978.6,3978.6,0.0,4.8,5,4,False
73,1:1,DK-37474f74,DK-37474f74,Copenhagen,Copenhagen,exact,DK,DK,same,1.0,1.0,1.0,3528.7,3528.7,3528.7,0.0,94.9,10,4,False
245,1:1,SE-1782dd8b,SE-1782dd8b,Hunnebostrand,Hunnebostrand,exact,SE,SE,same,1.0,1.0,1.0,11671.1,11671.1,11671.1,0.0,30.1,26,12,False
94,1:1,DK-5d1e5836,DK-5d1e5836,Nibe,Nibe,exact,DK,DK,same,1.0,1.0,1.0,4647.7,4647.7,4647.7,0.0,18.5,11,7,False
55,1:1,DK-134e99dc,DK-134e99dc,Dyreborg,Dyreborg,exact,DK,DK,same,1.0,1.0,1.0,3872.6,3872.6,3872.6,0.0,1.6,15,8,False
167,1:1,DK-bc78c2f1,DK-bc78c2f1,Fynshav,Fynshav,exact,DK,DK,same,1.0,1.0,1.0,7608.4,7608.4,7608.4,0.0,5.2,10,7,False
289,1:1,SE-9a20e804,SE-9a20e804,Höganäs,Höganäs,exact,SE,SE,same,1.0,1.0,1.0,27785.8,27785.8,27785.8,0.0,20.8,93,36,False
161,1:1,DK-b4aa8cae,DK-b4aa8cae,Havnebyen,Havnebyen,exact,DK,DK,same,1.0,1.0,1.0,24443.9,24443.9,24443.9,0.0,7.7,70,37,False
57,1:1,DK-145c07ba,DK-145c07ba,Aalborg,Aalborg,exact,DK,DK,same,1.0,1.0,1.0,9531.1,9531.1,9531.1,0.0,45.2,39,11,False
216,1:1,NO-1728f7e3,NO-1728f7e3,Lillesand,Lillesand,exact,NO,NO,same,1.0,1.0,1.0,29223.3,29223.3,29223.3,0.0,5.2,59,30,False
32,1:1,DE-bcceca3f,DE-bcceca3f,Hörnum,Hörnum,exact,DE,DE,same,1.0,1.0,1.0,5999.5,5999.5,5999.5,0.0,2.5,18,5,False
323,1:1,SE-ebe00e7a,SE-ebe00e7a,Grindebacken,Grindebacken,exact,SE,SE,same,1.0,1.0,1.0,7227.2,7227.2,7227.2,0.0,33.2,12,7,False
225,1:1,NO-4aa39841,NO-4aa39841,Fredrikstad,Fredrikstad,exact,NO,NO,same,1.0,1.0,1.0,5435.7,5435.7,5435.7,0.0,0.0,19,4,False
240,1:1,SE-0b0e0a28,SE-0b0e0a28,Sjöviken,Sjöviken,exact,SE,SE,same,1.0,1.0,1.0,3793.8,3793.8,3793.8,0.0,21.6,9,5,False
4,1:1,DE-2348a87c,DE-2348a87c,Neu Mukran,Neu Mukran,exact,DE,DE,same,1.0,1.0,1.0,7527.5,7527.5,7527.5,0.0,26.4,12,9,False
70,1:1,DK-30e7e470,DK-30e7e470,Øster Hurup,Øster Hurup,exact,DK,DK,same,1.0,1.0,1.0,11182.4,11182.4,11182.4,0.0,19.3,28,21,False
269,1:1,SE-59f9b032,SE-59f9b032,Lysekil,Lysekil,exact,SE,SE,same,1.0,1.0,1.0,16962.3,16962.3,16962.3,0.0,44.2,38,18,False
246,1:1,SE-1833f86e,SE-1833f86e,Skalhamn,Skalhamn,exact,SE,SE,same,1.0,1.0,1.0,5267.8,5267.8,5267.8,0.0,25.8,16,7,False
131,1:1,DK-8efce8e7,DK-8efce8e7,Allinge,Allinge,exact,DK,DK,same,1.0,1.0,1.0,12564.8,12564.8,12564.8,0.0,8.8,44,27,False
286,1:1,SE-8eb853c2,SE-8eb853c2,Gothenburg,Gothenburg,exact,SE,SE,same,1.0,1.0,1.0,7656.8,7656.8,7656.8,0.0,30.6,29,6,False
89,1:1,DK-4d9f3f40,DK-4d9f3f40,Klintholm Havn,Klintholm Havn,exact,DK,DK,same,1.0,1.0,1.0,80703.0,80703.0,80703.0,0.0,36.1,323,178,False
84,1:1,DK-467f1d9f,DK-467f1d9f,Snaptun,Snaptun,exact,DK,DK,same,1.0,1.0,1.0,5743.9,5743.9,5743.9,0.0,8.4,24,9,False
266,1:1,SE-51ad908a,SE-51ad908a,Malmö,Malmö,exact,SE,SE,same,1.0,1.0,1.0,3877.2,3877.2,3877.2,0.0,6.3,38,5,False
163,1:1,DK-b6c752ce,DK-b6c752ce,Lohals,Lohals,exact,DK,DK,same,1.0,1.0,1.0,25104.5,25104.5,25104.5,0.0,1.7,95,57,False
68,1:1,DK-2a981ea0,DK-2a981ea0,Haderslev,Haderslev,exact,DK,DK,same,1.0,1.0,1.0,28426.0,28426.0,28426.0,0.0,115.3,69,36,False
50,1:1,DK-0bb35b1c,DK-0bb35b1c,Stubbekøbing,Stubbekøbing,exact,DK,DK,same,1.0,1.0,1.0,32867.6,32867.6,32867.6,0.0,21.1,109,79,False
31,1:1,DE-b80558a3,DE-b80558a3,Brunshausen,Brunshausen,exact,DE,DE,same,1.0,1.0,1.0,4019.7,4019.7,4019.7,0.0,2.1,11,4,False
164,1:1,DK-b74b5ba2,DK-b74b5ba2,Østerklint,Østerklint,exact,DK,DK,same,1.0,1.0,1.0,5812.6,5812.6,5812.6,0.0,6.4,40,16,False
243,1:1,SE-13b0e3e8,SE-13b0e3e8,Nord-Koster,Nord-Koster,exact,SE,SE,same,1.0,1.0,1.0,13306.0,13306.0,13306.0,0.0,72.0,32,14,False
261,1:1,SE-42d4d449,SE-42d4d449,Röd,Röd,exact,SE,SE,same,1.0,1.0,1.0,5780.5,5780.5,5780.5,0.0,11.0,11,8,False
299,1:1,SE-bd5fde24,SE-bd5fde24,Åstol,Åstol,exact,SE,SE,same,1.0,1.0,1.0,8923.4,8923.4,8923.4,0.0,3.2,27,17,False
298,1:1,SE-b9bdd619,SE-b9bdd619,Arvidstorp,Arvidstorp,exact,SE,SE,same,1.0,1.0,1.0,7425.7,7425.7,7425.7,0.0,17.0,11,6,False
24,1:1,DE-99c56075,DE-99c56075,Warnemünde,Warnemünde,exact,DE,DE,same,1.0,1.0,1.0,212770.2,212770.2,212770.2,0.0,266.9,152,34,False
27,1:1,DE-a0843286,DE-a0843286,Sundhäuser,Sundhäuser,exact,DE,DE,same,1.0,1.0,1.0,10076.1,10076.1,10076.1,0.0,24.5,30,11,False
162,1:1,DK-b4e67e56,DK-b4e67e56,Nykøbing Mors,Nykøbing Mors,exact,DK,DK,same,1.0,1.0,1.0,13193.1,13193.1,13193.1,0.0,66.2,35,15,False
116,1:1,DK-77fd96ed,DK-77fd96ed,Skælskør,Skælskør,exact,DK,DK,same,1.0,1.0,1.0,13347.8,13347.8,13347.8,0.0,21.8,82,14,False
37,1:1,DE-cdbd38ee,DE-cdbd38ee,Ostseebad Kühlungsborn,Ostseebad Kühlungsborn,exact,DE,DE,same,1.0,1.0,1.0,26550.2,26550.2,26550.2,0.0,19.5,92,23,False
47,1:1,DK-080ac9e3,DK-080ac9e3,Kragenæs,Kragenæs,exact,DK,DK,same,1.0,1.0,1.0,14922.8,14922.8,14922.8,0.0,2.8,45,33,False
142,1:1,DK-9b8b9600,DK-9b8b9600,Spodsbjerg,Spodsbjerg,exact,DK,DK,same,1.0,1.0,1.0,21620.5,21620.5,21620.5,0.0,20.9,143,57,False
300,1:1,SE-bebb52b1,SE-bebb52b1,Fotö,Fotö,exact,SE,SE,same,1.0,1.0,1.0,3639.4,3639.4,3639.4,0.0,12.6,13,8,False
179,1:1,DK-c94b8396,DK-c94b8396,Ebeltoft,Ebeltoft,exact,DK,DK,same,1.0,1.0,1.0,58895.7,58895.7,58895.7,0.0,67.6,210,74,False
236,1:1,NO-dec5953f,NO-dec5953f,Berg,Berg,exact,NO,NO,same,1.0,1.0,1.0,3720.0,3720.0,3720.0,0.0,7.2,9,4,False
71,1:1,DK-35148220,DK-35148220,Thisted,Thisted,exact,DK,DK,same,1.0,1.0,1.0,3644.7,3644.7,3644.7,0.0,12.9,9,5,False
104,1:1,DK-69a905eb,DK-69a905eb,Sæby,Sæby,exact,DK,DK,same,1.0,1.0,1.0,49101.7,49101.7,49101.7,0.0,25.2,154,79,False
218,1:1,NO-243fee4b,NO-243fee4b,Jomfruland,Jomfruland,exact,NO,NO,same,1.0,1.0,1.0,5738.0,5738.0,5738.0,0.0,8.4,9,6,False
15,1:1,DE-5cc52c3d,DE-5cc52c3d,Bonsberg,Bonsberg,exact,DE,DE,same,1.0,1.0,1.0,20698.2,20698.2,20698.2,0.0,5.7,64,28,False
223,1:1,NO-47dd7566,NO-47dd7566,Enghaven,Enghaven,exact,NO,NO,same,1.0,1.0,1.0,20869.1,20869.1,20869.1,0.0,25.9,45,26,False
177,1:1,DK-c7e4477a,DK-c7e4477a,Nivå,Nivå,exact,DK,DK,same,1.0,1.0,1.0,13295.0,13295.0,13295.0,0.0,15.8,21,12,False
143,1:1,DK-9bf74e69,DK-9bf74e69,Faxe Ladeplads,Faxe Ladeplads,exact,DK,DK,same,1.0,1.0,1.0,1781.6,1781.6,1781.6,0.0,0.0,8,6,False
16,1:1,DE-7bdd1380,DE-7bdd1380,Kloster,Kloster,exact,DE,DE,same,1.0,1.0,1.0,3985.8,3985.8,3985.8,0.0,9.9,17,5,False
229,1:1,NO-8262d2c1,NO-8262d2c1,Velvika,Velvika,exact,NO,NO,same,1.0,1.0,1.0,4297.5,4297.5,4297.5,0.0,14.3,12,5,False
28,1:1,DE-a1e5f9db,DE-a1e5f9db,Wyk auf Föhr,Wyk auf Föhr,exact,DE,DE,same,1.0,1.0,1.0,23288.1,23288.1,23288.1,0.0,42.1,65,16,False
160,1:1,DK-b41d1695,DK-b41d1695,Kalundborg,Kalundborg,exact,DK,DK,same,1.0,1.0,1.0,4920.5,4920.5,4920.5,0.0,21.6,9,4,False
257,1:1,SE-3b0fde55,SE-3b0fde55,Strömstad,Strömstad,exact,SE,SE,same,1.0,1.0,1.0,9356.3,9356.3,9356.3,0.0,53.2,28,12,False
215,1:1,NO-0bd11f56,NO-0bd11f56,Grimstad,Grimstad,exact,NO,NO,same,1.0,1.0,1.0,13166.6,13166.6,13166.6,0.0,36.6,38,22,False
260,1:1,SE-403a0a02,SE-403a0a02,Stenshamn,Stenshamn,exact,SE,SE,same,1.0,1.0,1.0,5048.3,5048.3,5048.3,0.0,4.1,9,4,False
128,1:1,DK-888776c5,DK-888776c5,Nyord,Nyord,exact,DK,DK,same,1.0,1.0,1.0,5936.5,5936.5,5936.5,0.0,7.8,19,12,False
7,1:1,DE-2c1edc4f,DE-2c1edc4f,Cuxhaven,Cuxhaven,exact,DE,DE,same,1.0,1.0,1.0,6157.9,6157.9,6157.9,0.0,1.8,6,6,False
233,1:1,NO-ad654934,NO-ad654934,Kilen,Kilen,exact,NO,NO,same,1.0,1.0,1.0,4763.5,4763.5,4763.5,0.0,0.0,6,4,False
304,1:1,SE-ca7dc7c0,SE-ca7dc7c0,Särö,Särö,exact,SE,SE,same,1.0,1.0,1.0,5408.9,5408.9,5408.9,0.0,31.4,16,6,False
251,1:1,SE-2e1b9b9a,SE-2e1b9b9a,Hyppeln,Hyppeln,exact,SE,SE,same,1.0,1.0,1.0,3704.0,3704.0,3704.0,0.0,7.5,22,4,False
327,1:1,SE-f7091c86,SE-f7091c86,Krossekärr,Krossekärr,exact,SE,SE,same,1.0,1.0,1.0,19859.2,19859.2,19859.2,0.0,138.0,52,20,False
288,1:1,SE-94e117cd,SE-94e117cd,Stallen,Stallen,exact,SE,SE,same,1.0,1.0,1.0,4637.6,4637.6,4637.6,0.0,9.5,11,4,False
317,1:1,SE-e04d7c46,SE-e04d7c46,Gothenburg,Gothenburg,exact,SE,SE,same,1.0,1.0,1.0,4981.8,4981.8,4981.8,0.0,166.0,32,7,False
3,1:1,DE-179aafce,DE-179aafce,Dagebüll,Dagebüll,exact,DE,DE,same,1.0,1.0,1.0,3892.8,3892.8,3892.8,0.0,11.9,50,4,False
213,1:1,DK-fe9fb99a,DK-fe9fb99a,Sundby,Sundby,exact,DK,DK,same,1.0,1.0,1.0,12525.7,12525.7,12525.7,0.0,6.4,23,14,False
297,1:1,SE-b8f3d4f5,SE-b8f3d4f5,Grönvik,Grönvik,exact,SE,SE,same,1.0,1.0,1.0,18970.1,18970.1,18970.1,0.0,31.0,28,11,False
275,1:1,SE-698ac461,SE-698ac461,Kyrkbacken,Kyrkbacken,exact,SE,SE,same,1.0,1.0,1.0,15868.3,15868.3,15868.3,0.0,9.3,53,35,False
277,1:1,SE-6c369a62,SE-6c369a62,Nötsäter,Nötsäter,exact,SE,SE,same,1.0,1.0,1.0,18718.5,18718.5,18718.5,0.0,69.1,49,24,False
285,1:1,SE-8810b582,SE-8810b582,Ellös,Ellös,exact,SE,SE,same,1.0,1.0,1.0,1633.3,1633.3,1633.3,0.0,0.0,7,4,False
282,1:1,SE-7e2ec6c7,SE-7e2ec6c7,Barsebäckshamn,Barsebäckshamn,exact,SE,SE,same,1.0,1.0,1.0,6334.2,6334.2,6334.2,0.0,0.1,20,11,False
291,1:1,SE-9d3602f6,SE-9d3602f6,Fisketången,Fisketången,exact,SE,SE,same,1.0,1.0,1.0,3602.3,3602.3,3602.3,0.0,6.2,14,4,False
62,1:1,DK-1ce50a22,DK-1ce50a22,Hellerup,Hellerup,exact,DK,DK,same,1.0,1.0,1.0,5695.7,5695.7,5695.7,0.0,33.4,10,5,False
319,1:1,SE-e3033478,SE-e3033478,Bovik,Bovik,exact,SE,SE,same,1.0,1.0,1.0,4712.2,4712.2,4712.2,0.0,13.7,6,4,False
117,1:1,DK-7cc80732,DK-7cc80732,Middelfart,Middelfart,exact,DK,DK,same,1.0,1.0,1.0,25810.3,25810.3,25810.3,0.0,3.2,83,49,False
281,1:1,SE-75c3d9d6,SE-75c3d9d6,Tvestjärten,Tvestjärten,exact,SE,SE,same,1.0,1.0,1.0,16738.4,16738.4,16738.4,0.0,28.0,27,17,False
139,1:1,DK-996a1f1e,DK-996a1f1e,Sanddal,Sanddal,exact,DK,DK,same,1.0,1.0,1.0,16327.8,16327.8,16327.8,0.0,5.6,22,19,False
292,1:1,SE-aa9465ad,SE-aa9465ad,Nogersund,Nogersund,exact,SE,SE,same,1.0,1.0,1.0,3533.1,3533.1,3533.1,0.0,116.6,20,4,False
234,1:1,NO-b131511f,NO-b131511f,Kragerø,Kragerø,exact,NO,NO,same,1.0,1.0,1.0,3721.1,3721.1,3721.1,0.0,16.1,8,4,False
13,1:1,DE-47a734d8,DE-47a734d8,Ortmühle,Ortmühle,exact,DE,DE,same,1.0,1.0,1.0,4810.0,4810.0,4810.0,0.0,26.6,19,5,False
244,1:1,SE-149f89cc,SE-149f89cc,Halmstad,Halmstad,exact,SE,SE,same,1.0,1.0,1.0,4452.7,4452.7,4452.7,0.0,17.8,16,4,False
138,1:1,DK-95a6ba96,DK-95a6ba96,Havhuse,Havhuse,exact,DK,DK,same,1.0,1.0,1.0,3832.5,3832.5,3832.5,0.0,9.0,7,5,False
87,1:1,DK-49f082b3,DK-49f082b3,Hou,Hou,exact,DK,DK,same,1.0,1.0,1.0,7501.5,7501.5,7501.5,0.0,4.8,18,8,False
0,1:1,DE-011a4f21,DE-011a4f21,Kiel,Kiel,exact,DE,DE,same,1.0,1.0,1.0,9071.2,9071.2,9071.2,0.0,36.1,51,5,False
210,1:1,DK-fb815275,DK-fb815275,Faldsled,Faldsled,exact,DK,DK,same,1.0,1.0,1.0,3862.5,3862.5,3862.5,0.0,17.3,22,5,False
113,1:1,DK-7549d96c,DK-7549d96c,Ishøj,Ishøj,exact,DK,DK,same,1.0,1.0,1.0,3531.2,3531.2,3531.2,0.0,11.8,9,6,False
262,1:1,SE-4315dc80,SE-4315dc80,Varberg,Varberg,exact,SE,SE,same,1.0,1.0,1.0,30716.1,30716.1,30716.1,0.0,8.0,134,51,False
171,1:1,DK-c1c8033a,DK-c1c8033a,Rønne,Rønne,exact,DK,DK,same,1.0,1.0,1.0,33717.3,33717.3,33717.3,0.0,27.2,177,48,False
267,1:1,SE-53b0827b,SE-53b0827b,Bua,Bua,exact,SE,SE,same,1.0,1.0,1.0,10931.2,10931.2,10931.2,0.0,25.2,62,9,False
63,1:1,DK-1f4a7907,DK-1f4a7907,Gedser,Gedser,exact,DK,DK,same,1.0,1.0,1.0,21566.3,21566.3,21566.3,0.0,8.0,102,60,False
239,1:1,SE-0a47eb42,SE-0a47eb42,Sollid,Sollid,exact,SE,SE,same,1.0,1.0,1.0,5220.8,5220.8,5220.8,0.0,28.6,11,6,False
97,1:1,DK-60411f42,DK-60411f42,Gudhjem,Gudhjem,exact,DK,DK,same,1.0,1.0,1.0,3998.7,3998.7,3998.7,0.0,9.8,14,8,False
221,1:1,NO-2afe500e,NO-2afe500e,Kristiansand,Kristiansand,exact,NO,NO,same,1.0,1.0,1.0,3543.0,3543.0,3543.0,0.0,1.3,17,4,False
227,1:1,NO-667f4718,NO-667f4718,Fredrikstad,Fredrikstad,exact,NO,NO,same,1.0,1.0,1.0,3309.4,3309.4,3309.4,0.0,27.8,6,4,False
249,1:1,SE-23d22235,SE-23d22235,Rinkenäs,Rinkenäs,exact,SE,SE,same,1.0,1.0,1.0,3831.9,3831.9,3831.9,0.0,7.2,9,4,False
259,1:1,SE-3ddbcc15,SE-3ddbcc15,Halsbäck,Halsbäck,exact,SE,SE,same,1.0,1.0,1.0,3671.4,3671.4,3671.4,0.0,9.3,11,5,False
78,1:1,DK-3d6253db,DK-3d6253db,Åstrup,Åstrup,exact,DK,DK,same,1.0,1.0,1.0,8633.5,8633.5,8633.5,0.0,45.2,36,9,False
324,1:1,SE-ee33a30f,SE-ee33a30f,Falkvik,Falkvik,exact,SE,SE,same,1.0,1.0,1.0,7442.0,7442.0,7442.0,0.0,100.4,38,8,False
228,1:1,NO-7b5e37ce,NO-7b5e37ce,Lillesand,Lillesand,exact,NO,NO,same,1.0,1.0,1.0,16286.3,16286.3,16286.3,0.0,12.1,23,12,False
82,1:1,DK-4433040d,DK-4433040d,Oringe,Oringe,exact,DK,DK,same,1.0,1.0,1.0,29510.7,29510.7,29510.7,0.0,33.0,133,60,False
256,1:1,SE-3ab42888,SE-3ab42888,Klåvan,Klåvan,exact,SE,SE,same,1.0,1.0,1.0,18430.7,18430.7,18430.7,0.0,34.4,72,20,False
44,1:1,DK-02144d7c,DK-02144d7c,Aabenraa,Aabenraa,exact,DK,DK,same,1.0,1.0,1.0,3517.3,3517.3,3517.3,0.0,19.8,5,4,False
118,1:1,DK-7de6a2f9,DK-7de6a2f9,Østerby Havn,Østerby Havn,exact,DK,DK,same,1.0,1.0,1.0,50477.0,50477.0,50477.0,0.0,10.0,182,102,False
222,1:1,NO-36e12b14,NO-36e12b14,Tjærhjellen,Tjærhjellen,exact,NO,NO,same,1.0,1.0,1.0,1584.5,1584.5,1584.5,0.0,0.0,7,5,False
34,1:1,DE-c3f50078,DE-c3f50078,Cuxhaven,Cuxhaven,exact,DE,DE,same,1.0,1.0,1.0,5393.5,5393.5,5393.5,0.0,28.5,8,4,False
217,1:1,NO-218274e7,NO-218274e7,Revesand,Revesand,exact,NO,NO,same,1.0,1.0,1.0,3535.0,3535.0,3535.0,0.0,13.0,10,6,False
178,1:1,DK-c9442993,DK-c9442993,Ålbæk,Ålbæk,exact,DK,DK,same,1.0,1.0,1.0,14671.9,14671.9,14671.9,0.0,14.6,34,18,False
29,1:1,DE-a2d38a21,DE-a2d38a21,Ostseebad Prerow,Ostseebad Prerow,exact,DE,DE,same,1.0,1.0,1.0,9303.3,9303.3,9303.3,0.0,6.1,34,23,False
26,1:1,DE-a0616643,DE-a0616643,Rostock,Rostock,exact,DE,DE,same,1.0,1.0,1.0,5490.4,5490.4,5490.4,0.0,72.3,37,10,False
49,1:1,DK-0aaf9197,DK-0aaf9197,Hellerup,Hellerup,exact,DK,DK,same,1.0,1.0,1.0,13952.2,13952.2,13952.2,0.0,7.7,17,15,False
293,1:1,SE-ad7ea5cc,SE-ad7ea5cc,Falsterbovång,Falsterbovång,exact,SE,SE,same,1.0,1.0,1.0,20167.9,20167.9,20167.9,0.0,22.1,89,51,False
132,1:1,DK-8f4f9bed,DK-8f4f9bed,Nordskov,Nordskov,exact,DK,DK,same,1.0,1.0,1.0,1746.9,1746.9,1746.9,0.0,0.0,6,5,False
263,1:1,SE-4350b227,SE-4350b227,Käringön,Käringön,exact,SE,SE,same,1.0,1.0,1.0,24108.0,24108.0,24108.0,0.0,7.3,56,24,False
98,1:1,DK-62fc9ed2,DK-62fc9ed2,Vindeby,Vindeby,exact,DK,DK,same,1.0,1.0,1.0,11726.6,11726.6,11726.6,0.0,48.4,25,19,False
276,1:1,SE-6aedd41d,SE-6aedd41d,Borstahusen,Borstahusen,exact,SE,SE,same,1.0,1.0,1.0,8337.1,8337.1,8337.1,0.0,11.3,12,9,False
110,1:1,DK-7137eee7,DK-7137eee7,Hellerup,Copenhagen,differs,DK,DK,same,1.0,1.0,1.0,9815.7,9815.7,9815.7,0.0,5.5,21,8,False
90,1:1,DK-5858a104,DK-5858a104,Årøsund,Årøsund,exact,DK,DK,same,1.0,1.0,1.0,22305.2,22305.2,22305.2,0.0,5.0,67,48,False
301,1:1,SE-bf53f858,SE-bf53f858,Träslövsläge,Träslövsläge,exact,SE,SE,same,1.0,1.0,1.0,7830.1,7830.1,7830.1,0.0,40.4,45,12,False
274,1:1,SE-6989c1ca,SE-6989c1ca,Klagshamn,Klagshamn,exact,SE,SE,same,1.0,1.0,1.0,7239.2,7239.2,7239.2,0.0,40.7,12,7,False
313,1:1,SE-d6e34751,SE-d6e34751,Gothenburg,Gothenburg,exact,SE,SE,same,1.0,1.0,1.0,13736.1,13736.1,13736.1,0.0,23.2,53,17,False
296,1:1,SE-b6b9bb6f,SE-b6b9bb6f,Malen,Malen,exact,SE,SE,same,1.0,1.0,1.0,7652.7,7652.7,7652.7,0.0,8.5,15,7,False
303,1:1,SE-c96dd0bf,SE-c96dd0bf,Kåseberga,Kåseberga,exact,SE,SE,same,1.0,1.0,1.0,5029.5,5029.5,5029.5,0.0,7.9,5,5,False
176,1:1,DK-c4a2ac44,DK-c4a2ac44,Strynø By,Strynø By,exact,DK,DK,same,1.0,1.0,1.0,10338.7,10338.7,10338.7,0.0,4.9,29,18,False
146,1:1,DK-9dddb305,DK-9dddb305,Hellerup,Hellerup,exact,DK,DK,same,1.0,1.0,1.0,10118.8,10118.8,10118.8,0.0,45.8,18,11,False
189,1:1,DK-d5198fde,DK-d5198fde,Mårup,Mårup,exact,DK,DK,same,1.0,1.0,1.0,11489.9,11489.9,11489.9,0.0,11.6,46,30,False
175,1:1,DK-c4339317,DK-c4339317,Skarø By,Skarø By,exact,DK,DK,same,1.0,1.0,1.0,6454.9,6454.9,6454.9,0.0,6.1,13,13,False
6,1:1,DE-2a1e827e,DE-2a1e827e,Büsum,Büsum,exact,DE,DE,same,1.0,1.0,1.0,7255.0,7255.0,7255.0,0.0,35.0,10,6,False
315,1:1,SE-de1e1599,SE-de1e1599,Halmstad,Halmstad,exact,SE,SE,same,1.0,1.0,1.0,3810.4,3810.4,3810.4,0.0,7.4,15,4,False
133,1:1,DK-90bf12b7,DK-90bf12b7,Frederikshavn,Frederikshavn,exact,DK,DK,same,1.0,1.0,1.0,4302.2,4302.2,4302.2,0.0,5.2,18,6,False
119,1:1,DK-81a808ee,DK-81a808ee,Humlebæk,Humlebæk,exact,DK,DK,same,1.0,1.0,1.0,10682.0,10682.0,10682.0,0.0,12.6,23,20,False
180,1:1,DK-c95bb7cc,DK-c95bb7cc,Reersø,Reersø,exact,DK,DK,same,1.0,1.0,1.0,7012.9,7012.9,7012.9,0.0,5.4,15,9,False
121,1:1,DK-82ff8aa9,DK-82ff8aa9,Horsens,Horsens,exact,DK,DK,same,1.0,1.0,1.0,4539.1,4539.1,4539.1,0.0,20.6,6,4,False
75,1:1,DK-3a69b2fd,DK-3a69b2fd,Hvide Sande,Hvide Sande,exact,DK,DK,same,1.0,1.0,1.0,3397.3,3397.3,3397.3,0.0,44.4,5,5,False
183,1:1,DK-cdfe27ee,DK-cdfe27ee,Copenhagen,Copenhagen,exact,DK,DK,same,1.0,1.0,1.0,3938.2,3938.2,3938.2,0.0,6.1,28,6,False
140,1:1,DK-9a486a2b,DK-9a486a2b,Endelave By,Endelave By,exact,DK,DK,same,1.0,1.0,1.0,12045.8,12045.8,12045.8,0.0,7.4,39,26,False
230,1:1,NO-9a4354d4,NO-9a4354d4,Utgård,Utgård,exact,NO,NO,same,1.0,1.0,1.0,3168.8,3168.8,3168.8,0.0,12.7,11,4,False
253,1:1,SE-35908bcd,SE-35908bcd,Timret,Timret,exact,SE,SE,same,1.0,1.0,1.0,12484.7,12484.7,12484.7,0.0,12.0,32,18,False
283,1:1,SE-7f28eb79,SE-7f28eb79,Näverkärr,Näverkärr,exact,SE,SE,same,1.0,1.0,1.0,6996.4,6996.4,6996.4,0.0,5.0,11,5,False
242,1:1,SE-12d5c79d,SE-12d5c79d,Hanö,Hanö,exact,SE,SE,same,1.0,1.0,1.0,11771.6,11771.6,11771.6,0.0,4.4,50,20,False
280,1:1,SE-7376d3de,SE-7376d3de,Skrea Strand,Skrea Strand,exact,SE,SE,same,1.0,1.0,1.0,3565.1,3565.1,3565.1,0.0,62.0,16,4,False
231,1:1,NO-a33db493,NO-a33db493,Guldsmedenga,Guldsmedenga,exact,NO,NO,same,1.0,1.0,1.0,15368.0,15368.0,15368.0,0.0,3.5,59,30,False
235,1:1,NO-c4a6efe1,NO-c4a6efe1,Citadelløya,Citadelløya,exact,NO,NO,same,1.0,1.0,1.0,36654.0,36654.0,36654.0,0.0,25.9,64,23,False
265,1:1,SE-4ee56c26,SE-4ee56c26,Stora Dyrön,Stora Dyrön,exact,SE,SE,same,1.0,1.0,1.0,9935.8,9935.8,9935.8,0.0,3.1,14,8,False
226,1:1,NO-559301a1,NO-559301a1,Færvik,Færvik,exact,NO,NO,same,1.0,1.0,1.0,5475.7,5475.7,5475.7,0.0,2.0,6,6,False
232,1:1,NO-a414bf55,NO-a414bf55,Skinsnes,Skinsnes,exact,NO,NO,same,1.0,1.0,1.0,3584.0,3584.0,3584.0,0.0,4.8,21,4,False
199,1:1,DK-e4cc7cf3,DK-e4cc7cf3,Gjøl,Gjøl,exact,DK,DK,same,1.0,1.0,1.0,3695.4,3695.4,3695.4,0.0,4.4,5,4,False
312,1:1,SE-d303d320,SE-d303d320,Fotö,Fotö,exact,SE,SE,same,1.0,1.0,1.0,5516.0,5516.0,5516.0,0.0,5.1,25,9,False
39,1:1,DE-da9704a7,DE-da9704a7,Wittdün,Wittdün,exact,DE,DE,same,1.0,1.0,1.0,3941.4,3941.4,3941.4,0.0,11.8,18,5,False
258,1:1,SE-3d5501e2,SE-3d5501e2,Viken,Viken,exact,SE,SE,same,1.0,1.0,1.0,1741.8,1741.8,1741.8,0.0,0.0,15,5,False
294,1:1,SE-ae134c26,SE-ae134c26,Kullen,Kullen,exact,SE,SE,same,1.0,1.0,1.0,1668.2,1668.2,1668.2,0.0,0.0,10,5,False
193,1:1,DK-dcf01581,DK-dcf01581,Karlslunde Strand,Karlslunde Strand,exact,DK,DK,same,1.0,1.0,1.0,4941.6,4941.6,4941.6,0.0,14.2,6,4,False
153,1:1,DK-a871ec85,DK-a871ec85,Helsingør,Helsingør,exact,DK,DK,same,0.9983,1.0,0.9983,62973.2,63082.9,62973.2,0.0,21.1,139,81,False
207,1:1,DK-f72f41b9,DK-f72f41b9,Juelsminde,Juelsminde,exact,DK,DK,same,0.9973,1.0,0.9973,84680.7,84909.9,84680.7,0.0,63.1,247,123,False
23,1:1,DE-984989ea,DE-984989ea,Heiligenhafen,Heiligenhafen,exact,DE,DE,same,0.994,1.0,0.994,130247.7,131036.4,130247.7,0.0,45.2,440,105,False
214,1:1,DK-ffcb7cf6,DK-ffcb7cf6,Hundested,Hundested,exact,DK,DK,same,0.9931,1.0,0.9931,82800.2,83373.6,82800.1,0.0,15.3,86,58,False
156,1:1,DK-adf2cdb2,DK-adf2cdb2,Skagen port,Skagen port,exact,DK,DK,same,0.9906,1.0,0.9906,293465.7,296258.9,293465.7,0.0,70.0,415,194,False
148,1:1,DK-a2a3dba7,DK-a2a3dba7,Kerteminde,Kerteminde,exact,DK,DK,same,0.982,1.0,0.982,73522.9,74874.0,73522.9,0.0,7.8,290,162,False
46,1:1,DK-06d3e7b1,DK-06d3e7b1,Middelfart,Middelfart,exact,DK,DK,same,0.9797,1.0,0.9797,60506.1,61761.1,60506.1,0.0,18.3,130,93,False
83,1:1,DK-4668b673,DK-4668b673,Lyø By,Lyø By,exact,DK,DK,same,0.9796,1.0,0.9796,19905.1,20319.9,19905.1,0.0,1.3,126,59,False
188,1:1,DK-d50e7eef,DK-d50e7eef,Rendbjerg,Rendbjerg,exact,DK,DK,same,0.9749,1.0,0.9749,22724.4,23308.8,22724.4,0.0,38.3,59,27,False
208,1:1,DK-f790431d,DK-f790431d,Ærøskøbing,Ærøskøbing,exact,DK,DK,same,0.9747,1.0,0.9747,54917.3,56342.5,54917.3,0.0,9.6,202,120,False
81,1:1,DK-42360edc,DK-42360edc,Løgstør,Løgstør,exact,DK,DK,same,0.9714,1.0,0.9714,21030.2,21649.0,21030.2,0.0,34.0,52,23,False
169,1:1,DK-c0a906f4,DK-c0a906f4,Dragør,Dragør,exact,DK,DK,same,0.9669,1.0,0.9669,51726.8,53495.5,51726.8,0.0,1.7,156,98,False
159,1:1,DK-b1dbf262,DK-b1dbf262,Hov,Hov,exact,DK,DK,same,0.9633,1.0,0.9633,38848.0,40327.2,38848.0,0.0,26.5,102,46,False
105,1:1,DK-69f5f89d,DK-69f5f89d,Tejn,Tejn,exact,DK,DK,same,0.96,1.0,0.96,34256.5,35684.4,34256.5,0.0,10.9,75,36,False
54,1:1,DK-12ac2f3d,DK-12ac2f3d,Skovshoved,Skovshoved,exact,DK,DK,same,0.9578,1.0,0.9578,46901.2,48967.1,46901.2,0.0,9.3,52,32,False
100,1:1,DK-64988345,DK-64988345,Rudkøbing,Rudkøbing,exact,DK,DK,same,0.9556,0.9692,0.9855,46857.3,46085.9,45415.4,0.0,2.7,117,75,False
107,1:1,DK-6fc0522e,DK-6fc0522e,Hasle,Hasle,exact,DK,DK,same,0.9535,1.0,0.9535,29976.9,31439.0,29976.9,0.0,10.8,66,33,False
130,1:1,DK-8c8b0451,DK-8c8b0451,Nexø,Nexø,exact,DK,DK,same,0.9528,1.0,0.9528,23744.4,24921.0,23744.4,0.0,31.9,110,35,False
284,1:1,SE-83ab28ec,SE-83ab28ec,Donsö,Donsö,exact,SE,SE,same,0.9468,1.0,0.9468,34558.9,36499.9,34558.9,0.0,13.6,91,43,False
307,1:1,SE-cc758e1c,SE-cc758e1c,Ystad,Ystad,exact,SE,SE,same,0.9455,1.0,0.9455,27612.0,29202.8,27612.0,0.0,63.7,159,76,False
48,1:1,DK-09d43677,DK-09d43677,Gilleleje,Gilleleje,exact,DK,DK,same,0.9445,1.0,0.9445,79114.1,83761.5,79114.1,0.0,33.1,200,137,False
61,1:1,DK-1a39c910,DK-1a39c910,Kolby Kås,Kolby Kås,exact,DK,DK,same,0.9445,1.0,0.9445,9646.1,10213.0,9646.1,0.0,5.3,17,12,False
173,1:1,DK-c22527b2,DK-c22527b2,Ballen,Ballen,exact,DK,DK,same,0.942,1.0,0.942,28217.7,29955.1,28217.7,0.0,9.9,153,95,False
120,1:1,DK-8216c118,DK-8216c118,Rungsted,Rungsted,exact,DK,DK,same,0.9398,1.0,0.9398,41084.5,43716.0,41084.5,0.0,17.2,78,45,False
12,N:M,DE-46374e44,DE-46374e44,Kappeln,Kappeln,exact,DE,DE,same,0.9343,1.0,0.9343,14378.9,15389.7,14378.9,0.0,19.0,41,20,False
144,1:1,DK-9c59252c,DK-9c59252c,Rødvig,Rødvig,exact,DK,DK,same,0.9334,1.0,0.9334,40363.3,43242.5,40363.3,0.0,8.2,137,91,False
224,1:1,NO-4a8c4d24,NO-4a8c4d24,Kristiansand,Kristiansand,exact,NO,NO,same,0.93,0.93,1.0,22842.8,21244.3,21244.3,0.0,33.8,59,21,False
201,1:1,DK-e74b168a,DK-e74b168a,Marstal,Marstal,exact,DK,DK,same,0.9179,1.0,0.9179,105178.3,114581.2,105178.3,0.0,72.4,484,250,False
204,1:1,DK-eeffccaa,DK-eeffccaa,Faaborg,Faaborg,exact,DK,DK,same,0.9163,0.9771,0.9364,124146.3,129540.9,121303.8,0.0,19.1,320,166,False
112,1:1,DK-71e21174,DK-71e21174,Vesterø Havn,Vesterø Havn,exact,DK,DK,same,0.9128,1.0,0.9128,27198.8,29797.9,27198.8,0.0,14.6,115,80,False
255,1:1,SE-3a5405ec,SE-3a5405ec,Rörö,Rörö,exact,SE,SE,same,0.9087,1.0,0.9087,21149.2,23273.3,21149.2,0.0,16.5,90,27,False
141,1:1,DK-9aed6fe1,DK-9aed6fe1,Hørup,Hørup,exact,DK,DK,same,0.9075,1.0,0.9075,28073.3,30935.1,28073.3,0.0,6.2,126,42,False
172,1:1,DK-c20318cd,DK-c20318cd,Bønnerup Strand,Bønnerup Strand,exact,DK,DK,same,0.904,1.0,0.904,19475.7,21544.8,19475.6,0.0,31.2,98,32,False
203,1:1,DK-edfed2c4,DK-edfed2c4,Sønderborg,Sønderborg,exact,DK,DK,same,0.9038,1.0,0.9038,56004.3,61966.6,56004.3,0.0,11.3,230,112,False
111,1:1,DK-71c4e687,DK-71c4e687,Thurø By,Thurø By,exact,DK,DK,same,0.9006,0.9267,0.9697,24184.9,23111.3,22411.3,0.0,27.6,68,39,False
195,1:1,DK-de0dc385,DK-de0dc385,Nyborg,Nyborg,exact,DK,DK,same,0.8978,1.0,0.8978,59139.7,65875.2,59139.7,0.0,10.8,171,68,False
93,1:1,DK-5ad1b638,DK-5ad1b638,Holm,Holm,exact,DK,DK,same,0.8972,1.0,0.8972,37088.0,41336.3,37087.8,0.0,17.8,186,109,False
320,1:1,SE-e4aaeb43,SE-e4aaeb43,Arvidsvik,Arvidsvik,exact,SE,SE,same,0.8946,0.9391,0.9497,43971.3,43483.2,41295.7,0.0,24.2,142,66,False
211,1:1,DK-fc211b17,DK-fc211b17,Bogense,Bogense,exact,DK,DK,same,0.8941,1.0,0.8941,80446.8,89975.4,80446.8,0.0,43.6,179,96,False
290,1:1,SE-9ba2a35b,SE-9ba2a35b,Vrångö,Vrångö,exact,SE,SE,same,0.8927,1.0,0.8927,22254.1,24927.8,22254.1,0.0,4.4,68,38,False
200,1:1,DK-e5f1ed99,DK-e5f1ed99,Søby,Søby,exact,DK,DK,same,0.8925,1.0,0.8925,14730.3,16503.7,14730.3,0.0,29.3,84,37,False
86,1:1,DK-48f68bff,DK-48f68bff,Branden,Branden,exact,DK,DK,same,0.8871,1.0,0.8871,16166.8,18224.5,16166.8,0.0,11.6,32,17,False
328,1:1,SE-fb6b579e,SE-fb6b579e,Höllviken,Höllviken,exact,SE,SE,same,0.8861,1.0,0.8861,30748.5,34699.7,30748.5,0.0,50.6,55,43,False
17,1:1,DE-7ccb1955,DE-7ccb1955,Vitte,Vitte,exact,DE,DE,same,0.8844,1.0,0.8844,17128.3,19367.2,17128.3,0.0,81.3,80,16,False
106,1:1,DK-6f4f34a6,DK-6f4f34a6,Assens,Assens,exact,DK,DK,same,0.8825,1.0,0.8825,48035.9,54431.0,48035.8,0.0,11.6,189,72,False
88,1:1,DK-4d230813,DK-4d230813,Hesnæs,Hesnæs,exact,DK,DK,same,0.8819,1.0,0.8819,10827.1,12276.3,10827.1,0.0,8.5,40,28,False
212,1:1,DK-fcb2637f,DK-fcb2637f,Omø By,Omø By,exact,DK,DK,same,0.8786,1.0,0.8786,12830.5,14603.6,12830.5,0.0,20.9,93,46,False
66,1:1,DK-26169d60,DK-26169d60,Hornbæk,Hornbæk,exact,DK,DK,same,0.8777,1.0,0.8777,21149.8,24096.1,21149.8,0.0,10.5,70,28,False
287,1:1,SE-944df56b,SE-944df56b,Malmö,Malmö,exact,SE,SE,same,0.8759,1.0,0.8759,29175.0,33308.5,29175.0,0.0,30.3,94,47,False
137,1:1,DK-94cbf56f,DK-94cbf56f,Århus,Århus,exact,DK,DK,same,0.8746,1.0,0.8746,18728.3,21413.2,18728.3,0.0,14.8,41,21,False
272,1:1,SE-64c414dc,SE-64c414dc,Vässingsö,Vässingsö,exact,SE,SE,same,0.8718,1.0,0.8718,41709.2,47845.1,41709.2,0.0,21.4,166,60,False
279,1:1,SE-7347ed8f,SE-7347ed8f,Helsingborg,Helsingborg,exact,SE,SE,same,0.8705,1.0,0.8705,27278.4,31337.4,27278.4,0.0,62.9,70,34,False
273,1:1,SE-682ff250,SE-682ff250,Smögen,Smögen,exact,SE,SE,same,0.8687,0.949,0.9112,22626.7,23563.0,21471.7,0.0,24.0,59,20,False
209,1:1,DK-f9029f1b,DK-f9029f1b,Copenhagen,Copenhagen,exact,DK,DK,same,0.8673,1.0,0.8673,19517.1,22504.4,19517.1,0.0,3.3,55,33,False
125,1:1,DK-859e318e,DK-859e318e,Lundeborg,Lundeborg,exact,DK,DK,same,0.8662,1.0,0.8662,26006.7,30023.7,26006.7,0.0,3.9,110,83,False
185,1:1,DK-cec1ebe0,DK-cec1ebe0,Middelfart,Middelfart,exact,DK,DK,same,0.8624,1.0,0.8624,8793.6,10196.3,8793.6,0.0,14.0,21,18,False
268,N:M,SE-a723bfb2,SE-a723bfb2,Sandbogen,Sandbogen,exact,SE,SE,same,0.8621,0.9125,0.9397,21618.4,20992.6,19727.2,0.0,16.4,54,32,False
11,1:1,DE-44415e70,DE-44415e70,Wendtorf,Wendtorf,exact,DE,DE,same,0.8565,1.0,0.8565,30059.6,35095.5,30059.6,0.0,41.2,73,17,False
241,1:1,SE-12014125,SE-12014125,Fiskebäck,Fiskebäck,exact,SE,SE,same,0.8524,1.0,0.8524,12677.1,14872.3,12677.1,0.0,17.7,59,11,False
126,1:1,DK-8734edc8,DK-8734edc8,Vedbæk,Vedbæk,exact,DK,DK,same,0.852,1.0,0.852,26237.4,30793.5,26237.4,0.0,17.7,41,31,False
35,1:1,DE-c5ec43b0,DE-c5ec43b0,Olpenitzdorf,Olpenitzdorf,exact,DE,DE,same,0.8513,1.0,0.8513,17229.1,20238.8,17229.1,0.0,17.3,51,14,False
238,1:1,SE-01c81eab,SE-01c81eab,Helsingborg,Helsingborg,exact,SE,SE,same,0.8474,0.9101,0.9249,42702.6,42016.8,38861.5,0.0,81.6,176,55,False
184,1:1,DK-ce99146f,DK-ce99146f,Sønderborg,Sønderborg,exact,DK,DK,same,0.8473,1.0,0.8473,31082.8,36682.7,31082.8,0.0,39.5,84,45,False
18,1:1,DE-7f94254d,DE-7f94254d,Flensburg,Flensburg,exact,DE,DE,same,0.8412,1.0,0.8412,17697.6,21038.7,17697.6,0.0,14.2,58,25,False
202,1:1,DK-ead3d9f1,DK-ead3d9f1,Anholt,Anholt,exact,DK,DK,same,0.8359,1.0,0.8359,32710.2,39133.9,32710.2,0.0,20.9,211,174,False
5,1:1,DE-236dd1b4,DE-236dd1b4,Burgtiefe,Burgtiefe,exact,DE,DE,same,0.8333,1.0,0.8333,30402.8,36485.4,30402.8,0.0,42.8,158,39,False
14,1:1,DE-4e7195fc,DE-4e7195fc,Kiel,Kiel,exact,DE,DE,same,0.8331,1.0,0.8331,30203.7,36255.4,30203.7,0.0,11.3,34,33,True
67,1:1,DK-26b19eb3,DK-26b19eb3,Lynæs,Lynæs,exact,DK,DK,same,0.8318,1.0,0.8318,21932.1,26367.5,21932.1,0.0,20.0,47,26,False
127,1:1,DK-874895f8,DK-874895f8,Kastrup,Kastrup,exact,DK,DK,same,0.8306,1.0,0.8306,11103.7,13368.5,11103.7,0.0,8.6,25,19,False
264,1:1,SE-4d664100,SE-4d664100,Björkö,Björkö,exact,SE,SE,same,0.8277,1.0,0.8277,10884.8,13150.0,10884.8,0.0,19.2,54,24,False
64,1:1,DK-1fd2d279,DK-1fd2d279,Vejrø,Vejrø,exact,DK,DK,same,0.8264,1.0,0.8264,13786.9,16682.2,13786.9,0.0,2.7,90,58,False
21,1:1,DE-956c6b10,DE-956c6b10,Olpenitzdorf,Olpenitzdorf,exact,DE,DE,same,0.8219,1.0,0.8219,13261.7,16136.2,13261.7,0.0,36.2,37,17,False
295,1:1,SE-af3b2105,SE-af3b2105,Fjällbacka,Fjällbacka,exact,SE,SE,same,0.8181,1.0,0.8181,21588.7,26389.2,21588.7,0.0,12.8,44,21,False
186,1:1,DK-d2bfb0b5,DK-d2bfb0b5,Sønderby,Sønderby,exact,DK,DK,same,0.8177,1.0,0.8177,12186.1,14903.4,12186.1,0.0,3.3,55,33,False
205,1:1,DK-f63b6d97,DK-f63b6d97,Lemvig,Lemvig,exact,DK,DK,same,0.8166,1.0,0.8166,11122.9,13621.5,11122.9,0.0,14.5,8,8,False
192,1:1,DK-dc1aa01e,DK-dc1aa01e,Avernak By,Avernak By,exact,DK,DK,same,0.8158,1.0,0.8158,6351.1,7785.5,6351.1,0.0,8.1,36,15,False
168,1:1,DK-bea97c30,DK-bea97c30,Bangsbostrand,Bangsbostrand,exact,DK,DK,same,0.8116,1.0,0.8116,16449.2,20266.5,16449.2,0.0,29.0,29,15,False
190,1:1,DK-d89032f2,DK-d89032f2,Sejerby,Sejerby,exact,DK,DK,same,0.8107,0.9046,0.8865,19444.0,19842.2,17589.2,0.0,12.1,58,38,False
129,1:1,DK-8c5fbf7f,DK-8c5fbf7f,Aalborg,Aalborg,exact,DK,DK,same,0.8085,1.0,0.8085,33396.7,41305.3,33396.7,0.0,51.1,73,39,False
134,1:1,DK-91958e33,DK-91958e33,Kalvehave,Kalvehave,exact,DK,DK,same,0.8056,1.0,0.8056,15088.3,18729.7,15088.3,0.0,33.8,54,26,False
318,1:1,SE-e1f853ab,SE-e1f853ab,Gislövs Läge,Gislövs Läge,exact,SE,SE,same,0.8044,1.0,0.8044,16896.6,21005.0,16896.6,0.0,13.0,24,22,False
56,1:1,DK-13898e13,DK-13898e13,Årø,Årø,exact,DK,DK,same,0.8039,1.0,0.8039,7788.7,9688.2,7788.7,0.0,5.7,68,36,False
254,1:1,SE-39dfeb5f,SE-39dfeb5f,Simrishamn,Simrishamn,exact,SE,SE,same,0.7935,1.0,0.7935,25804.5,32517.9,25804.5,0.0,10.8,125,75,False
99,1:1,DK-6306a33e,DK-6306a33e,Aabenraa,Aabenraa,exact,DK,DK,same,0.7888,1.0,0.7888,21923.0,27791.9,21923.0,0.0,24.6,57,33,False
268,N:M,SE-54b259cd,SE-54b259cd,Hasselösund,Hasselösund,exact,SE,SE,same,0.7853,1.0,0.7853,5933.0,7555.3,5933.0,0.0,35.2,17,9,False
85,1:1,DK-47b777b9,DK-47b777b9,Præstø,Præstø,exact,DK,DK,same,0.7843,1.0,0.7843,9736.2,12414.3,9736.2,0.0,27.1,23,14,False
305,1:1,SE-cb7bb0a7,SE-cb7bb0a7,Lerkil,Lerkil,exact,SE,SE,same,0.7834,1.0,0.7834,9693.1,12372.6,9693.1,0.0,5.7,25,9,False
69,1:1,DK-2f65dea1,DK-2f65dea1,Korsør,Korsør,exact,DK,DK,same,0.7812,1.0,0.7812,26810.8,34318.6,26810.8,0.0,30.5,80,24,False
166,1:1,DK-bbd08453,DK-bbd08453,Hals,Hals,exact,DK,DK,same,0.7795,1.0,0.7795,22201.6,28480.2,22201.6,0.0,16.6,140,62,False
198,1:1,DK-e2952a1c,DK-e2952a1c,Stege,Stege,exact,DK,DK,same,0.7679,1.0,0.7679,9457.0,12315.1,9457.0,0.0,6.9,27,15,False
154,1:1,DK-a878e9a9,DK-a878e9a9,Rantzausminde,Rantzausminde,exact,DK,DK,same,0.7565,1.0,0.7565,11296.5,14932.8,11296.5,0.0,9.2,19,12,False
40,1:1,DE-e2ccc910,DE-e2ccc910,Langballigholz,Langballigholz,exact,DE,DE,same,0.7538,1.0,0.7538,5876.1,7795.6,5876.1,0.0,9.9,22,14,False
326,1:1,SE-eebc99f8,SE-eebc99f8,Gothenburg,Gothenburg,exact,SE,SE,same,0.7512,1.0,0.7512,5973.1,7950.9,5973.1,0.0,18.3,42,7,False
109,1:1,DK-703d7c2b,DK-703d7c2b,Hvide Sande,Hvide Sande,exact,DK,DK,same,0.7478,0.874,0.8381,22358.0,23314.3,19540.4,0.0,51.2,45,18,False
108,1:1,DK-6fe20465,DK-6fe20465,Kalundborg,Kalundborg,exact,DK,DK,same,0.7469,0.8606,0.8497,14746.6,14936.3,12691.1,0.0,48.2,36,18,False
33,1:1,DE-c115fc7d,DE-c115fc7d,Cuxhaven,Cuxhaven,exact,DE,DE,same,0.7391,1.0,0.7391,6208.2,8399.9,6208.2,0.0,127.8,12,8,False
278,1:1,SE-73013a71,SE-73013a71,Skillinge,Skillinge,exact,SE,SE,same,0.7355,1.0,0.7355,7147.6,9718.1,7147.6,0.0,18.2,17,13,False
19,1:1,DE-8218f54b,DE-8218f54b,Warnemünde,Warnemünde,exact,DE,DE,same,0.7352,0.7352,1.0,12912.7,9493.5,9493.5,0.0,76.2,50,4,False
22,1:1,DE-97427fdc,DE-97427fdc,Laboe,Laboe,exact,DE,DE,same,0.7294,0.9147,0.7826,17264.4,20178.8,15792.2,0.0,81.8,35,16,False
309,1:1,SE-cfa4e481,SE-cfa4e481,Torekov,Torekov,exact,SE,SE,same,0.7268,1.0,0.7268,15810.4,21754.7,15810.4,0.0,15.8,52,26,False
321,1:1,SE-e4f9822e,SE-e4f9822e,Landskrona,Landskrona,exact,SE,SE,same,0.7245,1.0,0.7245,12213.0,16856.6,12213.0,0.0,39.3,24,13,False
170,1:1,DK-c148eb69,DK-c148eb69,Bagenkop,Bagenkop,exact,DK,DK,same,0.7218,1.0,0.7218,23669.2,32791.9,23669.2,0.0,5.7,179,95,False
157,1:1,DK-af4018f5,DK-af4018f5,Vallensbæk Strand,Vallensbæk Strand,exact,DK,DK,same,0.7187,1.0,0.7187,9201.4,12803.6,9201.4,0.0,28.5,92,16,False
196,1:1,DK-e03df3c5,DK-e03df3c5,Tunø By,Tunø By,exact,DK,DK,same,0.7187,1.0,0.7187,19323.2,26887.6,19323.2,0.0,15.7,139,82,False
194,1:1,DK-dddffc09,DK-dddffc09,Drejø,Drejø,exact,DK,DK,same,0.7171,1.0,0.7171,6421.6,8954.7,6421.6,0.0,16.8,26,18,False
59,1:1,DK-15a018f3,DK-15a018f3,Århus,Århus,exact,DK,DK,same,0.7164,1.0,0.7164,37752.9,52701.6,37752.9,0.0,22.2,167,50,False
151,1:1,DK-a59cdce6,DK-a59cdce6,Kastrup,Kastrup,exact,DK,DK,same,0.7145,1.0,0.7145,6111.1,8553.1,6111.1,0.0,6.9,12,11,False
80,1:1,DK-40979375,DK-40979375,Copenhagen,Copenhagen,exact,DK,DK,same,0.7062,1.0,0.7062,26303.3,37245.5,26303.3,0.0,77.3,99,47,False
45,1:1,DK-02ee6661,DK-02ee6661,Svaneke,Svaneke,exact,DK,DK,same,0.7025,1.0,0.7025,6005.3,8548.5,6005.3,0.0,30.8,34,11,False
72,1:1,DK-355e8a15,DK-355e8a15,Frederikshavn,Frederikshavn,exact,DK,DK,same,0.6991,1.0,0.6991,6058.8,8666.0,6058.8,0.0,23.3,30,10,False
206,1:1,DK-f67a7225,DK-f67a7225,Køge,Køge,exact,DK,DK,same,0.6987,1.0,0.6987,14744.3,21102.7,14744.3,0.0,22.9,87,17,False
96,1:1,DK-5ed10dcc,DK-5ed10dcc,Vejle,Vejle,exact,DK,DK,same,0.6953,0.8635,0.7811,21746.8,24041.5,18778.7,0.0,51.7,26,23,False
155,1:1,DK-a9d5f796,DK-a9d5f796,Skærbæk,Skærbæk,exact,DK,DK,same,0.6948,1.0,0.6948,11464.9,16502.0,11464.9,0.0,32.5,28,17,False
135,1:1,DK-94524290,DK-94524290,Nykøbing Sjælland,Nykøbing Sjælland,exact,DK,DK,same,0.6916,1.0,0.6916,25701.8,37163.1,25701.8,0.0,24.2,52,31,False
314,1:1,SE-da39e5ae,SE-da39e5ae,Kalvskärslid,Kalvskärslid,exact,SE,SE,same,0.6902,1.0,0.6902,9127.2,13223.6,9127.2,0.0,11.9,19,10,False
237,1:1,PL-0d0bf489,PL-0d0bf489,Kołobrzeg,Kołobrzeg,exact,PL,PL,same,0.6899,1.0,0.6899,4138.1,5997.7,4138.1,0.0,24.7,28,8,False
103,1:1,DK-684fa374,DK-684fa374,Oppe Sundby,Oppe Sundby,exact,DK,DK,same,0.6852,1.0,0.6852,4913.0,7169.7,4913.0,0.0,52.5,10,7,False
52,1:1,DK-0fee426c,DK-0fee426c,Copenhagen,Copenhagen,exact,DK,DK,same,0.6805,0.8777,0.7518,15653.5,18275.5,13739.5,0.0,13.3,118,28,False
248,1:1,SE-1d8e1534,SE-1d8e1534,Malmö,Malmö,exact,SE,SE,same,0.6791,0.8575,0.7655,33769.4,37829.0,28957.9,0.0,100.7,72,35,False
150,1:1,DK-a39f92c1,DK-a39f92c1,Karrebæksminde,Karrebæksminde,exact,DK,DK,same,0.6707,1.0,0.6707,29620.5,44160.5,29620.5,0.0,30.2,89,57,False
270,1:1,SE-5d0182f1,SE-5d0182f1,Källö-Knippla,Källö-Knippla,exact,SE,SE,same,0.6679,1.0,0.6679,4932.9,7385.5,4932.9,0.0,7.8,12,8,False
252,1:1,SE-3432f2c7,SE-3432f2c7,Vässingsö,Vässingsö,exact,SE,SE,same,0.6672,0.7836,0.8178,7680.5,7359.1,6018.4,0.0,62.4,113,8,False
306,1:1,SE-cbd0e9f2,SE-cbd0e9f2,Lomma,Lomma,exact,SE,SE,same,0.6667,1.0,0.6667,3536.9,5305.3,3536.9,0.0,138.3,8,8,False
10,1:1,DE-4186b704,DE-4186b704,Kiel,Kiel,exact,DE,DE,same,0.6667,1.0,0.6667,3600.5,5400.7,3600.5,0.0,184.4,20,7,False
74,1:1,DK-39723f51,DK-39723f51,Århus,Århus,exact,DK,DK,same,0.6659,1.0,0.6659,6615.1,9933.4,6615.1,0.0,62.7,18,9,False
271,1:1,SE-606f755d,SE-606f755d,Tuna,Tuna,exact,SE,SE,same,0.66,1.0,0.66,3840.1,5818.2,3840.1,0.0,6.1,14,8,False
145,1:1,DK-9cdc2adb,DK-9cdc2adb,Hanstholm,Hanstholm,exact,DK,DK,same,0.6572,1.0,0.6572,37474.3,57021.5,37474.3,0.0,29.7,38,27,False
20,1:1,DE-94c9fca4,DE-94c9fca4,Maasholm,Maasholm,exact,DE,DE,same,0.6558,1.0,0.6558,27312.8,41645.1,27312.8,0.0,15.7,71,42,False
12,N:M,DE-ce5295c0,DE-ce5295c0,Kappeln,Kappeln,exact,DE,DE,same,0.645,1.0,0.645,12354.9,19155.1,12354.9,0.0,163.4,51,22,False
187,1:1,DK-d4d7e082,DK-d4d7e082,Fredericia,Fredericia,exact,DK,DK,same,0.6444,1.0,0.6444,16267.9,25244.8,16267.9,0.0,28.7,66,40,False
30,1:1,DE-aea1c085,DE-aea1c085,Flensburg,Flensburg,exact,DE,DE,same,0.6417,1.0,0.6417,14252.6,22209.2,14252.6,0.0,23.0,78,29,False
114,1:1,DK-75719b52,DK-75719b52,Gedser,Gedser,exact,DK,DK,same,0.6269,1.0,0.6269,3617.8,5771.3,3617.8,0.0,61.4,32,6,False
308,1:1,SE-cf55c329,SE-cf55c329,Öckerö,Öckerö,exact,SE,SE,same,0.6232,0.6352,0.9706,61955.3,40543.3,39353.0,0.0,27.6,176,49,False
325,1:1,SE-ee66ecfb,SE-ee66ecfb,Limhamn,Limhamn,exact,SE,SE,same,0.6197,1.0,0.6197,4584.7,7398.5,4584.7,0.0,23.9,8,7,False
42,1:1,DE-fb2ead26,DE-fb2ead26,Orth,Orth,exact,DE,DE,same,0.6149,1.0,0.6149,9442.4,15355.5,9442.4,0.0,20.9,40,17,False
310,1:1,SE-d0af207b,SE-d0af207b,Mölle,Mölle,exact,SE,SE,same,0.6125,1.0,0.6125,3873.5,6323.9,3873.5,0.0,11.4,10,9,False
8,1:1,DE-3427a4b5,DE-3427a4b5,Strande,Strande,exact,DE,DE,same,0.6072,1.0,0.6072,4388.5,7227.3,4388.5,0.0,34.7,13,6,False
60,1:1,DK-1a23defe,DK-1a23defe,Strandby,Strandby,exact,DK,DK,same,0.5847,1.0,0.5847,34237.3,58555.0,34237.3,0.0,42.0,114,47,False
65,1:1,DK-21567a8f,DK-21567a8f,Augustenborg,Augustenborg,exact,DK,DK,same,0.5785,1.0,0.5785,6757.3,11679.9,6757.3,0.0,2.9,48,13,False
311,1:1,SE-d2e2b292,SE-d2e2b292,Marieberg,Marieberg,exact,SE,SE,same,0.5743,1.0,0.5743,11950.6,20809.4,11950.6,0.0,10.9,24,13,False
122,1:1,DK-832f7100,DK-832f7100,Øerne,Øerne,exact,DK,DK,same,0.5656,0.7075,0.7382,30530.4,29261.7,21601.1,0.0,54.7,34,20,False
53,1:1,DK-1241a7e9,DK-1241a7e9,Hanehoved,Hanehoved,exact,DK,DK,same,0.5649,1.0,0.5649,4852.8,8590.4,4852.8,0.0,57.1,16,10,False
51,1:1,DK-0be5136d,DK-0be5136d,Glyngøre,Glyngøre,exact,DK,DK,same,0.5517,0.9999,0.5517,3744.8,6787.5,3744.6,0.0,6.0,30,7,False
58,1:N,DK-158807b5,DK-158807b5,Copenhagen,Copenhagen,exact,DK,DK,same,0.5499,0.7313,0.6891,51664.5,54825.3,37781.9,0.0,183.9,180,57,False
41,1:1,DE-ef645fe7,DE-ef645fe7,Lütjenbrode,Lütjenbrode,exact,DE,DE,same,0.5466,1.0,0.5466,7972.0,14584.3,7971.9,0.0,36.0,60,13,False
152,1:1,DK-a778a380,DK-a778a380,Agersø By,Agersø By,exact,DK,DK,same,0.5444,1.0,0.5444,7798.6,14324.7,7798.6,0.0,14.8,36,22,False
250,1:1,SE-2b3846d7,SE-2b3846d7,Glommen,Glommen,exact,SE,SE,same,0.5405,1.0,0.5405,8426.1,15588.7,8426.1,0.0,9.4,18,11,False
219,1:1,NO-24e132da,NO-24e132da,Lyngør,Lyngør,exact,NO,NO,same,0.5394,0.5394,1.0,5889.4,3176.6,3176.6,0.0,48.0,8,4,False
136,1:1,DK-946d6f0c,DK-946d6f0c,Hirtshals,Hirtshals,exact,DK,DK,same,0.5232,0.7752,0.6167,55032.0,69171.2,42660.5,0.0,29.4,146,57,False
79,1:1,DK-3e9a3eb8,DK-3e9a3eb8,Thyborøn,Thyborøn,exact,DK,DK,same,0.5226,1.0,0.5226,16194.2,30988.5,16194.2,0.0,72.1,77,34,False
322,1:1,SE-e7410206,SE-e7410206,Gothenburg,Gothenburg,exact,SE,SE,same,0.5087,1.0,0.5087,16850.5,33122.0,16850.5,0.0,7.2,52,18,False
38,1:1,DE-cf094337,DE-cf094337,Lütjenbrode,Lütjenbrode,exact,DE,DE,same,0.5044,1.0,0.5044,3965.1,7861.6,3965.1,0.0,53.0,37,7,False
124,1:1,DK-858d48bb,DK-858d48bb,Østerby,Østerby,exact,DK,DK,same,0.5015,1.0,0.5015,3949.0,7874.0,3949.0,0.0,7.1,36,14,False
165,1:1,DK-ba069652,DK-ba069652,Esbjerg,Esbjerg,exact,DK,DK,same,0.5007,1.0,0.5007,5181.5,10348.1,5181.5,0.0,244.0,22,10,False
101,1:1,DK-6640f50d,DK-6640f50d,Rødbyhavn,Rødbyhavn,exact,DK,DK,same,0.4984,0.9481,0.5124,24146.6,44676.5,22892.3,0.0,44.7,96,23,False
149,1:1,DK-a3447192,DK-a3447192,Svendborg,Svendborg,exact,DK,DK,same,0.4926,1.0,0.4926,50988.2,103501.8,50988.2,0.0,53.5,300,215,False
9,1:1,DE-39517f50,DE-39517f50,Glücksburg,Glücksburg,exact,DE,DE,same,0.4698,0.6998,0.5884,16380.9,19481.8,11463.6,0.0,25.6,77,20,False
174,1:1,DK-c28308e5,DK-c28308e5,Roskilde,Roskilde,exact,DK,DK,same,0.4565,1.0,0.4565,7048.0,15437.6,7048.0,0.0,95.5,24,11,False
76,1:1,DK-3b698ae3,DK-3b698ae3,Esbjerg,Esbjerg,exact,DK,DK,same,0.4373,0.4823,0.824,21457.3,12558.9,10348.7,0.0,69.8,53,14,False
1,1:1,DE-08b5146c,DE-08b5146c,Brunsbütelkoog,Brunsbütelkoog,exact,DE,DE,same,0.4365,0.8084,0.4869,11375.6,18888.0,9195.9,0.0,93.1,26,19,True
181,1:1,DK-c9c9208f,DK-c9c9208f,Langør,Langør,exact,DK,DK,same,0.433,1.0,0.433,5530.7,12772.1,5530.7,0.0,26.6,23,21,False
147,1:1,DK-a1ca38bb,DK-a1ca38bb,Rørvig,Rørvig,exact,DK,DK,same,0.4247,1.0,0.4247,7752.1,18254.0,7752.1,0.0,15.2,29,19,False
182,1:1,DK-cdd3fe35,DK-cdd3fe35,Christiansø,Christiansø,exact,DK,DK,same,0.4169,1.0,0.4169,6565.2,15749.1,6565.2,0.0,15.5,51,24,False
77,1:1,DK-3d295a6e,DK-3d295a6e,Snoghøj,Snoghøj,exact,DK,DK,same,0.4041,1.0,0.4041,3890.3,9626.4,3890.3,0.0,13.3,16,9,False
43,1:1,DK-00e1b339,DK-00e1b339,Sønderballe,Sønderballe,exact,DK,DK,same,0.3852,1.0,0.3852,1755.5,4557.6,1755.5,0.0,21.1,9,8,False
197,1:1,DK-e259d405,DK-e259d405,Grenå Strand,Grenå Strand,exact,DK,DK,same,0.3597,0.4206,0.7132,10125.4,5971.0,4258.3,0.0,50.7,24,7,False
123,1:1,DK-84b2739e,DK-84b2739e,Slipshavn,Slipshavn,exact,DK,DK,same,0.3387,0.636,0.4202,5597.9,8472.9,3560.3,0.0,55.0,19,7,False
191,1:1,DK-daee4a81,DK-daee4a81,Korsør,Korsør,exact,DK,DK,same,0.3333,0.5,0.5,3530.5,3530.5,1765.2,0.0,91.9,30,6,False
316,1:1,SE-dfea7d77,SE-dfea7d77,Gothenburg,Gothenburg,exact,SE,SE,same,0.2515,0.4638,0.3545,8811.7,11527.4,4086.9,0.0,75.2,85,10,False
25,1:1,DE-9d6ce9e3,DE-9d6ce9e3,Rostock,Rostock,exact,DE,DE,same,0.2376,1.0,0.2376,1830.1,7704.0,1830.1,0.0,298.2,40,10,False
302,1:1,SE-c44e0172,SE-c44e0172,Trelleborg,Trelleborg,exact,SE,SE,same,0.2051,1.0,0.2051,3567.8,17397.1,3567.8,0.0,164.5,41,9,False
102,1:1,DK-678ebd38,DK-678ebd38,Mommark,Mommark,exact,DK,DK,same,0.1743,1.0,0.1743,1771.2,10161.4,1771.2,0.0,33.1,16,11,False
247,1:1,SE-1b073dae,SE-1b073dae,Varberg,Varberg,exact,SE,SE,same,0.1341,1.0,0.1341,3384.2,25243.2,3384.2,0.0,79.9,33,14,False
58,1:N,DK-158807b5,DK-2eb2b17b,Copenhagen,Copenhagen,exact,DK,DK,same,0.1235,0.1235,1.0,51667.0,6378.9,6378.9,0.0,682.2,40,9,False
12,N:M,DE-46374e44,DE-ce5295c0,Kappeln,Kappeln,exact,DE,DE,same,0.0,0.0,0.0,14379.9,19153.3,0.0,174.5,684.6,51,22,False
268,N:M,SE-a723bfb2,SE-54b259cd,Sandbogen,Hasselösund,differs,SE,SE,same,0.0,0.0,0.0,21616.8,7555.8,0.0,249.1,666.0,17,9,False
268,N:M,SE-54b259cd,SE-a723bfb2,Hasselösund,Sandbogen,differs,SE,SE,same,0.0,0.0,0.0,5933.4,20991.1,0.0,249.1,633.2,54,32,False
