new_id,nearest_city,country,centroid_lat,centroid_lon,area_m2,n_events,n_unique_mmsi,mean_dwell_minutes,transit_like,nearest_old_id,nearest_old_m
DK-09c5b10b,Hellerup,DK,55.71232,12.610264,3934.3,30,4,568.4,False,DK-7137eee7,1097.6
DK-365167d8,Kolding,DK,55.494429,9.499711,4942.0,25,5,175.5,False,DK-a9d5f796,8254.5
DK-4b3751f2,Esbjerg,DK,55.482345,8.409929,4905.8,24,4,266.0,False,DK-3b698ae3,1361.3
DK-f30202a8,Toft,DK,54.908413,9.598765,3873.3,19,4,299.5,False,DK-d50e7eef,1767.8
DK-5f2dad2a,Nysted,DK,54.662719,11.729989,9088.2,18,8,182.6,False,DK-fe9fb99a,14703.6
DE-d195c319,Viehhof,DE,54.371874,12.723251,3652.6,18,4,80.9,False,DE-a2d38a21,13856.4
DK-05b2442d,Thorsminde,DK,56.367401,8.121304,3363.8,18,4,849.9,False,DK-f63b6d97,23333.9
DK-284421f8,Thyborøn,DK,56.693338,8.22303,9410.8,17,7,810.5,False,DK-3e9a3eb8,1215.3
SE-c0278d40,Höllviken,SE,55.406089,12.937996,5751.8,14,14,98.9,False,SE-fb6b579e,851.4
SE-ed0716e4,Karlskrona,SE,56.162515,15.579687,3936.1,12,4,72.2,False,SE-403a0a02,24327.1
DE-ba005a52,Cuxhaven,DE,53.858048,8.719188,5406.7,12,6,92.1,False,DE-c115fc7d,688.9
DK-4187a8e7,Bjergemark,DK,54.636776,11.387683,3977.9,12,6,1038.0,False,DK-6640f50d,859.2
DE-249f4be7,Flensburg,DE,54.822921,9.470904,10255.7,12,8,271.5,False,DE-aea1c085,1768.7
DK-86c38ca1,Hals,DK,56.983994,10.305689,4770.0,12,4,163.9,False,DK-bbd08453,785.5
SE-124f83bd,Malmö,SE,55.626983,12.989473,3917.5,11,4,212.5,False,SE-944df56b,1169.3
DK-e9ad93a3,Mjels,DK,55.032308,9.715132,5848.2,11,7,764.6,False,DK-5ad1b638,1385.7
SE-3d2474b8,Stjärnvik,SE,57.617579,11.761772,11706.8,11,9,242.9,False,SE-83ab28ec,2754.3
DE-18492bbb,Kiel,DE,54.336046,10.156259,7616.0,10,8,45.6,False,DE-4186b704,2807.9
SE-020eab99,Bäckviken,SE,55.902965,12.722137,3916.9,10,6,380.2,False,SE-606f755d,2450.4
DK-a59b0f61,Havneby,DK,55.086737,8.5668,11321.8,10,6,1656.6,False,DE-179aafce,40372.5
DK-f5825cbb,Langø,DK,54.833769,10.967133,3914.4,10,4,107.3,False,DK-9b8b9600,13992.6
DK-7feee638,Hirtshals,DK,57.595095,9.976826,3293.2,9,4,71.0,False,DK-946d6f0c,1002.1
DE-7187b92c,Bockholmwik,DE,54.83137,9.614319,4966.3,9,4,738.4,False,DE-e2ccc910,2724.8
DK-fe27b136,Kolding,DK,55.489131,9.500355,8056.6,8,6,571.1,False,DK-a9d5f796,8378.2
SE-4ee14aa4,Gothenburg,SE,57.695567,11.91351,3374.8,8,4,279.4,False,SE-dfea7d77,1901.9
DK-c9207338,Nyby,DK,55.751872,10.944644,5786.8,8,7,224.3,False,DK-6fe20465,11868.0
DK-7f0f7bbc,Rønne,DK,55.08823,14.692247,7417.6,7,6,205.3,False,DK-c1c8033a,1778.3
DK-019b6c8e,Fjællebroen,DK,55.059403,10.38074,4589.7,7,4,1094.3,False,DK-c4339317,7979.4
DK-5b1d9067,Langø,DK,54.816484,11.015946,3990.6,7,6,1811.3,False,DK-9b8b9600,17475.6
DE-1d894ebd,Lemkenhafen,DE,54.445379,11.086824,4028.9,6,5,747.8,False,DE-fb2ead26,2368.1
DK-2a555411,Esbjerg,DK,55.451567,8.478259,6069.9,6,6,1166.0,False,DK-ba069652,2345.9
DK-61fe4248,Guldborg,DK,54.870695,11.746656,5041.5,6,6,1684.3,False,DK-fe9fb99a,13249.7
SE-d55c8ba3,Abbekås,SE,55.393708,13.60385,4975.2,6,4,262.2,False,SE-cc758e1c,13852.3
SE-6f31960b,Bratten,SE,57.615677,11.794797,3722.2,6,4,64.4,False,SE-83ab28ec,1848.1
DK-4fd2cbe4,Næs,DK,54.890195,12.132974,1796.3,5,4,638.6,False,DK-0bb35b1c,5525.9
SE-01f174ec,Hökebacken,SE,58.581512,11.215344,3223.4,5,4,119.0,False,SE-af3b2105,4125.9
DK-799a97ec,Kalundborg,DK,55.666428,11.09304,3869.4,5,5,1110.9,False,DK-b41d1695,1197.9
DE-9832f1de,Maasholm,DE,54.686192,9.987242,3978.5,5,4,173.9,False,DE-94c9fca4,720.7
DK-2b5251ef,Rødbyhavn,DK,54.634059,11.38096,5017.4,5,4,619.8,False,DK-6640f50d,604.0
DK-31a80da6,Frederikssund,DK,55.837106,12.055266,3502.4,5,5,640.4,False,DK-684fa374,1118.7
DK-4ce6ee88,Hellerup,DK,55.731853,12.581572,3931.7,5,5,399.6,False,DK-9dddb305,700.9
