old_id,name,country,centroid_lat,centroid_lon,area_m2,reason,n_stops,n_cells,n_clusters,nearest_new_id,nearest_new_m
DK-35148220,Thisted,DK,56.952363,8.696547,3644.7,below_cluster_floor,13,2,0,DK-9cdc2adb,19700.2
DK-cdd3fe35,Christiansø,DK,55.319848,15.186119,6565.2,stops_below_cell_floor,9,0,0,DK-02ee6661,20569.7
SE-ca7dc7c0,Särö,SE,57.490692,11.930893,5408.9,below_cluster_floor,32,1,0,SE-cb7bb0a7,4096.5
SE-d0af207b,Mölle,SE,56.282739,12.49276,3873.5,below_cluster_floor,6,1,0,SE-9a20e804,9963.0
SE-cbd0e9f2,Lomma,SE,55.675285,13.067312,3536.9,below_cluster_floor,4,1,0,SE-51ad908a,6004.1
DK-dcf01581,Karlslunde Strand,DK,55.565967,12.285832,4941.6,stops_below_cell_floor,3,0,0,DK-7549d96c,5314.1
SE-ebe00e7a,Grindebacken,SE,58.156376,11.393103,7227.2,below_cluster_floor,24,1,0,SE-75c3d9d6,2422.5
SE-ee33a30f,Falkvik,SE,56.032692,14.578087,7442.0,below_cluster_floor,14,1,0,SE-12d5c79d,16183.8
DK-02144d7c,Aabenraa,DK,55.041953,9.425416,3517.3,unpaired_nearby,4,0,0,DK-6306a33e,600.4
DK-b74b5ba2,Østerklint,DK,55.296865,9.803904,5812.7,below_cluster_floor,5,1,0,DK-6f4f34a6,6104.4
SE-da39e5ae,Kalvskärslid,SE,56.431029,12.572468,9127.2,below_cluster_floor,4,1,0,SE-cfa4e481,3247.3
SE-403a0a02,Stenshamn,SE,55.954976,15.703668,5048.3,below_cluster_floor,5,1,0,SE-12d5c79d,54363.7
DE-171da672,Strande,DE,54.435819,10.171426,4486.8,unpaired_nearby,16,1,0,DE-3427a4b5,730.5
DK-b41d1695,Kalundborg,DK,55.676126,11.10136,4920.5,below_cluster_floor,14,2,0,DK-6fe20465,1139.6
SE-c96dd0bf,Kåseberga,SE,55.383185,14.063656,5029.4,below_cluster_floor,5,2,0,SE-cc758e1c,16237.9
DK-59dba849,Dræby,DK,55.467942,10.530318,5405.0,stops_below_cell_floor,4,0,0,DK-a2a3dba7,8775.2
NO-218274e7,Revesand,NO,58.433749,8.792961,3535.0,stops_below_cell_floor,3,0,0,NO-a33db493,3010.8
SE-ee66ecfb,Limhamn,SE,55.597311,12.936387,4584.7,stops_below_cell_floor,9,0,0,SE-1d8e1534,1998.3
DK-ce99146f,Sønderborg,DK,54.911922,9.78381,31082.6,below_cluster_floor,28,2,0,DK-edfed2c4,1615.0
DK-678ebd38,Mommark,DK,54.93292,10.044222,1771.2,below_cluster_floor,4,2,0,DK-9aed6fe1,10383.7
DK-fb815275,Faldsled,DK,55.153174,10.142376,3862.5,below_cluster_floor,12,1,0,DK-eeffccaa,8767.4
SE-35908bcd,Timret,SE,58.07333,11.469957,12484.7,below_cluster_floor,23,1,0,SE-3ddbcc15,3950.0
DK-21567a8f,Augustenborg,DK,54.9433,9.871008,6757.3,below_cluster_floor,16,1,0,DK-9aed6fe1,4235.5
DK-a59cdce6,Kastrup,DK,55.703007,12.73232,6111.1,below_cluster_floor,6,1,0,DK-40979375,7314.6
DK-c28308e5,Roskilde,DK,55.651631,12.076446,7048.1,below_cluster_floor,20,2,0,DK-7549d96c,18601.6
DK-8f4f9bed,Nordskov,DK,55.604564,10.609222,1746.9,below_cluster_floor,3,1,0,DK-a2a3dba7,17242.5
DK-5e8746fc,Århus,DK,56.152426,10.252345,7308.6,below_cluster_floor,13,1,0,DK-15a018f3,2415.3
DK-f63b6d97,Lemvig,DK,56.55103,8.305128,11122.9,stops_below_cell_floor,6,0,0,DK-3e9a3eb8,17799.2
DE-179aafce,Dagebüll,DE,54.730651,8.690158,3892.8,below_cluster_floor,15,1,0,DE-a1e5f9db,8400.7
DK-ba069652,Esbjerg,DK,55.462467,8.446403,5181.5,stops_below_cell_floor,20,0,0,DK-3b698ae3,1815.5
DK-9bf74e69,Faxe Ladeplads,DK,55.213369,12.160597,1781.6,below_cluster_floor,9,1,0,DK-47b777b9,12440.8
DE-fb2ead26,Orth,DE,54.446408,11.050242,9442.4,stops_below_cell_floor,15,0,0,DE-984989ea,8892.3
SE-5d0182f1,Källö-Knippla,SE,57.749769,11.653963,4932.9,stops_below_cell_floor,7,0,0,SE-4d664100,2072.9
DK-e4cc7cf3,Gjøl,DK,57.062178,9.700382,3695.4,below_cluster_floor,5,1,0,DK-5d1e5836,9186.8
DK-684fa374,Oppe Sundby,DK,55.827239,12.058764,4912.9,below_cluster_floor,9,1,0,DK-1241a7e9,15649.0
DE-2348a87c,Neu Mukran,DE,54.48169,13.586719,7527.5,stops_below_cell_floor,34,0,0,DE-7ccb1955,32316.2
SE-e7410206,Gothenburg,SE,57.690783,11.872922,16850.5,stops_below_cell_floor,25,0,0,SE-64c414dc,3015.3
DK-0be5136d,Glyngøre,DK,56.763765,8.865839,3744.8,below_cluster_floor,20,1,0,DK-b4e67e56,3322.4
SE-606f755d,Tuna,SE,55.920207,12.697649,3840.1,stops_below_cell_floor,2,0,0,SE-698ac461,1953.1
NO-559301a1,Færvik,NO,58.448,8.817876,5475.7,below_cluster_floor,14,1,0,NO-a33db493,3292.9
DK-90bf12b7,Frederikshavn,DK,57.484106,10.622109,4302.2,below_cluster_floor,3,1,0,DK-355e8a15,5602.1
DK-bc78c2f1,Fynshav,DK,54.992342,9.986532,7608.4,below_cluster_floor,8,1,0,DK-9aed6fe1,11416.5
SE-2e1b9b9a,Hyppeln,SE,57.757262,11.616046,3704.0,below_cluster_floor,12,1,0,SE-3a5405ec,1698.7
DE-c3f50078,Cuxhaven,DE,53.869866,8.710455,5393.5,unpaired_nearby,22,2,0,DE-2c1edc4f,612.6
NO-243fee4b,Jomfruland,NO,58.866774,9.589389,5738.0,below_cluster_floor,10,1,0,NO-47dd7566,25860.6
DK-60411f42,Gudhjem,DK,55.212434,14.972197,3998.8,below_cluster_floor,5,1,0,DK-69f5f89d,9447.5
SE-149f89cc,Halmstad,SE,56.657678,12.858166,4452.7,stops_below_cell_floor,3,0,0,SE-de1e1599,5165.9
DK-3d295a6e,Snoghøj,DK,55.512528,9.709673,3890.3,stops_below_cell_floor,3,0,0,DK-7cc80732,1902.5
DK-fe9fb99a,Sundby,DK,54.771283,11.860685,12525.7,below_cluster_floor,14,2,0,DK-0bb35b1c,17937.5
SE-7f28eb79,Näverkärr,SE,58.346872,11.375554,6996.4,stops_below_cell_floor,11,0,0,SE-94e117cd,1857.8
SE-1b073dae,Varberg,SE,57.112735,12.228468,3384.2,unpaired_nearby,21,1,0,SE-4315dc80,918.7
DK-39723f51,Århus,DK,56.209411,10.289863,6615.0,below_cluster_floor,29,1,0,DK-3d6253db,4984.2
SE-aa9465ad,Nogersund,SE,56.003615,14.733947,3533.0,below_cluster_floor,8,1,0,SE-12d5c79d,6337.2
DK-cec1ebe0,Middelfart,DK,55.507831,9.725963,8793.6,unpaired_nearby,8,1,0,DK-7cc80732,762.1
DK-00e1b339,Sønderballe,DK,55.122571,9.466919,1755.5,below_cluster_floor,2,1,0,DK-6306a33e,9938.2
SE-ae134c26,Kullen,SE,57.549911,11.922108,1668.2,below_cluster_floor,10,1,0,SE-9ba2a35b,8971.7
NO-b131511f,Kragerø,NO,58.865605,9.411817,3721.1,below_cluster_floor,10,1,0,NO-47dd7566,18931.6
DK-888776c5,Nyord,DK,55.039338,12.193564,5936.5,below_cluster_floor,4,1,0,DK-91958e33,5268.7
DK-37474f74,Copenhagen,DK,55.677532,12.634635,3528.7,below_cluster_floor,7,1,0,DK-40979375,1574.7
SE-e04d7c46,Gothenburg,SE,57.691527,11.845593,4981.9,stops_below_cell_floor,7,0,0,SE-64c414dc,2639.5
SE-e4f9822e,Landskrona,SE,55.868642,12.824349,12213.0,below_cluster_floor,15,2,0,SE-6aedd41d,3260.9
SE-4ee56c26,Stora Dyrön,SE,57.926199,11.618718,9935.8,below_cluster_floor,10,1,0,SE-bd5fde24,1857.9
DK-3a69b2fd,Hvide Sande,DK,56.000945,8.126984,3397.3,unpaired_nearby,26,2,0,DK-703d7c2b,454.9
SE-bebb52b1,Fotö,SE,57.631581,11.608871,3639.4,below_cluster_floor,5,1,0,SE-d303d320,4770.6
NO-dec5953f,Berg,NO,58.88067,9.422441,3720.0,stops_below_cell_floor,3,0,0,NO-47dd7566,20682.5
SE-d2e2b292,Marieberg,SE,55.86001,12.850355,11950.5,below_cluster_floor,10,1,0,SE-6aedd41d,4947.5
SE-e3033478,Bovik,SE,57.74593,11.695957,4712.2,stops_below_cell_floor,8,0,0,SE-4d664100,2019.8
DK-49f082b3,Hou,DK,57.056485,10.378382,7501.5,below_cluster_floor,11,1,0,DK-bbd08453,8474.9
DE-47a734d8,Ortmühle,DE,54.371942,10.990415,4810.0,unpaired_nearby,7,1,0,DE-984989ea,711.2
SE-eebc99f8,Gothenburg,SE,57.681922,11.871508,5973.1,below_cluster_floor,10,1,0,SE-64c414dc,2182.6
SE-9d3602f6,Fisketången,SE,58.35613,11.270274,3602.3,stops_below_cell_floor,17,0,0,SE-a723bfb2,1477.2
DE-da9704a7,Wittdün,DE,54.629192,8.398627,3941.4,below_cluster_floor,4,1,0,DE-a1e5f9db,13481.7
DE-9d6ce9e3,Rostock,DE,54.151136,12.101524,1830.1,below_cluster_floor,4,1,0,DE-a0616643,1388.2
NO-36e12b14,Tjærhjellen,NO,58.73372,9.22686,1584.5,below_cluster_floor,7,1,0,NO-47dd7566,1708.2
SE-8eb853c2,Gothenburg,SE,57.721248,11.980877,7656.8,below_cluster_floor,15,1,0,SE-d6e34751,1380.5
